Workbook

Sheet Liste Test
A1: Environnement : Chrome 143 > ou Firefox 145 >
A2: Exigence | B2: Nom | C2: Fonctionnalité | D2: Prérequis | E2: Étape à réaliser | F2: Résultat attendu | G2: Résultat | H2: Statut du test | I2: Priorité | J2: Commentaire
A3: Connexion | H3: =IF(COUNTIF(H$4:H$8,"OK") = COUNTA(H$4:H$8), "OK", IF(COUNTIF(H$4:H$8,"KO") > 0, "KO", "TODO")) -> OK
A4: Connexion | B4: CONNEXION-1 | C4: Connexion | D4: Ne pas être logué | E4: Lancer le site, sur la page principale, Ne pas être connecté | F4: L’utilisateur est automatiquement redirigé vers la page de connexion | G4: Passe sans poser de problème, la redirection est bien éffectué | H4: OK | I4: 1
A5: Connexion | B5: CONNEXION-2 | C5: Connexion avec succès de l’utilisateur | D5: Ne pas être logué | E5: Lancer le site, sur la page de login Ne pas être connecté et se connecter avec des identifiants utilisateur valide | F5: Redirection vers la page d’acceuil de l’utilisateur, il est connecté, on peut le voir avec le nom d’utilisateur en haut a droite | G5: Redirection vers la page d’acceuil de l’utilisateur | H5: OK | I5: 1
A6: Connexion | B6: CONNEXION-3 | C6: Connexion avec succès de l’administrateur | D6: Ne pas être logué | E6: Lancer le site, sur la page de login Ne pas être connecté et se connecter avec des identifiants administrateur valide | F6: Redirection vers la page d’acceuil de l’utilisateur, il est connecté, on peut le voir avec le nom d’utilisateur en haut a droite, de plus un bouton d’accès a l’interface administrateur devrais être visible | G6: Redirection vers la page d’acceuil de l’administrateur, le bouton de gestion de l’application est bien visible | H6: OK | I6: 1
A7: Connexion | B7: CONNEXION-4 | C7: Connexion érroné de l’utilisateur | D7: Ne pas être logué | E7: Lancer le site, sur la page de login Ne pas être connecté et se connecter avec des identifiants utilisateur invalide | F7: Un message d’erreur est affiché et l’identifiant/mot de passe est conservé dans les champs de saisies pour qu’il puissent être modifié de plus le nombre de tentative restante est affiché (au nombre de 5 au total) | G7: Il y a uniquement un message d’erreur qui est affiché mais les infos de connexions érroné sont bien conservé dans les champs de saisie | H7: OK | I7: 1 | J7: Fix réalisé pour empécher un rechargement de la page a chaque login érroné (ce qui supprimé les infos de login érroné)
A8: Connexion | B8: CONNEXION-5 | C8: L’utilisateur se connecte pour la première fois a son compte à l’aide des identifiants fourni pas l’administrateur | D8: Test Création d’un utilisateur nécéssaire en utilisant les mêmes identifiants | E8: Lancer le site sur la page de connexion et utiliser les identifiants d’un utilisateur existant. | F8: L’utilisateur est automatiquement redirigé vers la page d’acceuil.et il voit son nom en haut à droite de plus il lui est demander de modifier son mot de passe | G8: La redirection est correctement éfféctué | H8: OK | I8: 1
A9: Connexion | B9: CONNEXION-6 | C9: L’utilisateur est bloqué si il fait 5 tentative erroné | D9: Avoir fait 4 tentative erroné | E9: Sur la page de connexion pour un même e-mail valide faire 5 tentatives avec un mot de passe erroné | F9: L’utilisateur avec l’adresse e-mail indiqué est bloqué pendant 30 minutes et le bouton connexion deviens grisé, le temps restant du bloquage est affiché. | H9: OK | I9: 3
A10: Gestion utilisateurs | H10: =IF(COUNTIF(H$11:H$21,"OK") = COUNTA(H$11:H$21), "OK", IF(COUNTIF(H$11:H$21,"KO") > 0, "KO", "TODO")) -> KO
A11: Gestion utilisateurs | B11: USER-1 | C11: Création de l’utilisateur et retour des informations pour l’utilisateur | D11: Être logué en tant qu’administrateur | E11: Sur la page administrateur, cliqué sur le bouton créer un utilisateur, indiquer son e-mail valide et n’ont utilisé par un autre utilisateur | F11: Un mot de passe temporaire pour l’utilisateur est indiqué à l’administrateur, pour qu’il soit transmi a l’utilisateur | H11: KO | I11: 1 | J11: Le mot de passe temporaire n’est jamais renvoyé
A12: Gestion utilisateurs | B12: USER-2 | C12: L’administrateur supprime un utilisateur | D12: Être logué en tant qu’administrateur | E12: Sur le site, aller sur la page de gestion de l’administrateur dans la rubrique gestion des joueurs et supprimer un joueur existant en appuyant sur le profil d’un utilisateur et en cliquant ensuite sur modifier | F12: Un message indiquant que l’opération a bien pu être appliqué et l’administrateur est redirigé vers la liste des utilisateurs | H12: OK | I12: 2
A13: Gestion utilisateurs | B13: USER-3 | C13: Vérirfication de la validité du numéro de licence | D13: Être logué en tant qu’administrateur | E13: Sur la page administrateur, cliqué sur le bouton créer un utilisateur, indiquer son e-mail valide mais un numéro de licence invalide (ex : B2562530) | F13: Un message d’erreur est affiché indiquant que le numéro de licence est mal formaté | H13: OK | I13: 3
A14: Gestion utilisateurs | B14: USER-004 | C14: Verification du mot de passe | D14: Être logué en tant qu’administrateur | E14: Lancer le site, sur la page de création d’utilisateur Ne pas être connecté et indiquer des identifiants utilisateur valide et un mot de passe de moins de 12 caractères, le mot de passe tésté doit contenir des caractère spéciaux ( !, @, #, …) des chiffres, des majuscules, des minuscules, et ne doit pas contenir d’espace | F14: Erreur indiquant que le mot de passe contient trop peu de caractère | G14: Une erreur est bien affiché en informant l’utilisateur que son mot de passe doit contenir plus de caractère | H14: OK | I14: 4
A15: Gestion utilisateurs | B15: USER-5 | C15: Verification du mot de passe | D15: Être logué en tant qu’administrateur | E15: Lancer le site, sur la page de création d’utilisateur Ne pas être connecté et indiquer des identifiants utilisateur valide et un mot de passe de plus de 60 caractère, le mot de passe tésté doit contenir des caractère spéciaux ( !, @, #, …) des chiffres, des majuscules, des minuscules, et ne doit pas contenir d’espace | F15: Erreur indiquant que le mot de passe contient trop de caractère | G15: Une erreur est bien affiché en informant l’utilisateur que son mot de passe doit contenir moins de caractère | H15: OK | I15: 2
A16: Gestion utilisateurs | B16: USER-6 | C16: Verification du mot de passe | D16: Être logué en tant qu’administrateur | E16: Lancer le site, sur la page de création d’utilisateur Ne pas être connecté et indiquer des identifiants utilisateur valide et un mot de passe compris entre 12 et 60 caractère et contenir des chiffres, des majuscules, des minuscules, et ne doit pas contenir d’espace, le mot de passe tésté ne doit pas contenir des caractère spéciaux ( !, @, #, …). | F16: Erreur indiquant que le mot de passe contient pas de caractère spéciaux | G16: Une erreur est bien affiché en informant l’utilisateur que son mot de passe doit contenir moins de caractère | H16: OK | I16: 4
A17: Gestion utilisateurs | B17: USER-7 | C17: Verification du mot de passe | D17: Être logué en tant qu’administrateur | E17: Lancer le site, sur la page de création d’utilisateur Ne pas être connecté et indiquer des identifiants utilisateur valide et un mot de passe compris entre 12 et 60 caractère et contenir des caractère spéciaux ( !, @, #, …), des chiffres, des majuscules, des minuscules, et doit contenir un ou plusieurs espaces. | F17: Erreur indiquant que le mot de passe contient un espace | G17: Une erreur est bien affiché en informant l’utilisateur que son mot de passe doit contenir moins de caractère | H17: OK | I17: 4
A18: Gestion utilisateurs | B18: USER-8 | C18: Verification du mot de passe | D18: Être logué en tant qu’administrateur | E18: Lancer le site, sur la page de création d’utilisateur Ne pas être connecté et indiquer des identifiants utilisateur valide et un mot de passe compris entre 12 et 60 caractère et contenir des caractère spéciaux ( !, @, #, …), des chiffres, des minuscules, et ne contient pas d’espace, cependant le mot de passe contient aucune majuscule | F18: Erreur indiquant que le mot de passe contient aucune majuscule | G18: Une erreur est bien affiché en informant l’utilisateur que son mot de passe doit contenir moins de caractère | H18: OK | I18: 4
A19: Gestion utilisateurs | B19: USER-9 | C19: Verification du mot de passe | D19: Être logué en tant qu’administrateur | E19: Lancer le site, sur la page de création d’utilisateur Ne pas être connecté et indiquer des identifiants utilisateur valide et un mot de passe compris entre 12 et 60 caractère et contenir des caractère spéciaux ( !, @, #, …), des chiffres, des majuscules, et ne contient pas d’espace, cependant le mot de passe contient aucune minuscule | F19: Erreur indiquant que le mot de passe contient aucune minuscule | G19: Une erreur est bien affiché en informant l’utilisateur que son mot de passe doit contenir moins de caractère | H19: OK | I19: 4
A20: Gestion utilisateurs | B20: USER-10 | C20: Verification du mot de passe | D20: Être logué en tant qu’administrateur | E20: Lancer le site, sur la page de création d’utilisateur Ne pas être connecté et indiquer des identifiants utilisateur valide et un mot de passe compris entre 12 et 60 caractère et contenir des caractère spéciaux ( !, @, #, …), des minuscules et des majuscules, et ne contient pas d’espace, cependant le mot de passe contient aucun chiffre | F20: Erreur indiquant que le mot de passe contient aucun chiffre | G20: Une erreur est bien affiché en informant l’utilisateur que son mot de passe doit contenir moins de caractère | H20: OK | I20: 4
A21: Gestion utilisateurs | B21: USER-11 | C21: Verification de la différence entre l’ancien et le nouveau mot de passe | D21: Être logué en tant qu’utilisateur | E21: Sur la page de modification du mot de passe indiqué le mot de passe actuel et dans le champs pour le nouveau mot de passe indiqué aussi le mot de passe actuel. | F21: Erreur indiquant que les mots de passe sont identique | H21: NON APPLICABLE | I21: 4 | J21: Feature non codé
A22: Planning | H22: =IF(COUNTIF(H$23:H$30,"OK") = COUNTA(H$23:H$30), "OK", IF(COUNTIF(H$23:H$30,"KO") > 0, "KO", "TODO")) -> OK
A23: Planning | B23: PLANNING-1 | C23: Accéder a la page du planning si on est connecté | D23: Être logué en tant qu’utilisateur | E23: Sur la page d’acceuil de l’utilisateur accéder à l’onglet planning dans la barre de navigation | F23: L’utilisateur est redirigé vers la page planning | G23: L’utilisateur est bien redirigé | H23: OK | I23: 1
A24: Planning | B24: PLANNING-2 | C24: Accéder au planning sans avoir les permissions | D24: Ne pas être logué | E24: Sur la page de connexion dans la barre url, remplacer le /login par /planning | F24: L’utilisateur est automatiquement redirigé vers la page de connexion | G24: L’utilisateur est bien redirigé | H24: OK | I24: 1
A25: Planning | B25: PLANNING-3 | C25: Utilisation du filtre pour voir uniquement ses propres matches | D25: Être connecté en tant qu’utilisateur | E25: Sur la page du planning décocher l’option « Voir mes matches » | F25: L’utilisateur voit désormais l’ensembles des matches et plus seulement les siens, il peut a tout moment réappliquer le filtre | G25: Le filtre est bien appliqué et retiré a la demande | H25: OK | I25: 4
A26: Planning | B26: PLANNING-4 | C26: Pouvoir faire défiler les mois du planning | D26: Être connecté en tant qu’utilisateur | E26: Sur la page du planning appuyer sur le bouton pour le mois suivant | F26: L’utilisateur doit voir le mois suivant le mois courant | G26: Le mois suivant est bien affiché | H26: OK | I26: 3
A27: Planning | B27: PLANNING-5 | C27: Sélectionner une journée précise dans le calendrier et pouvoir voir les matches de cette journée en détails | D27: Être connecté en tant qu’utilisateur | E27: Sur la page planning, cliquer sur un jour avec une match. | F27: L’utilisateur voit désormais en haut le détails de la journée et l’ensemble des matches planifiés. | G27: Le détails des matches est bien visible | H27: OK | I27: 2
A28: Planning | B28: PLANNING-6 | C28: L’administrateur peut ajouter un événement à un jour précis | D28: Être connecté en tant qu’administrateur | E28: Sur la page planning, cliquer sur un jour, une pop up devrais apparaître et proposer de voir les événements ou d’en ajouter un, cliquer sur ce dernier. | F28: L’administrateur a accès a un formulaire pour créer l’événement. | H28: OK | I28: 2
A29: Planning | B29: PLANNING-7 | C29: Listes des informations pour une journée en particulier | D29: Être connecté en tant qu’utilisateur | E29: Être sur la page d’un jour en particulier dans la rubrique planning | F29: L’utilisateur voit la liste des événements leurs heures respective, les matches par événement, et les équipes pour chaque matches avec les filtres | H29: OK | I29: 2
A30: Planning | B30: PLANNING-8 | C30: Listes des informations pour une journée en particulier et possibilité de modification pour l’administrateur. | D30: Être connecté en tant qu’administrateur | E30: Sur le détails d’une journée dans le planning en tant qu’administrateur | F30: L’administrateur doit pouvoir modifier un événement (nom, heure) et le supprimer | H30: OK | I30: 2
A31: Événements | H31: =IF(COUNTIF(H$32:H$37,"OK") = COUNTA(H$32:H$37), "OK", IF(COUNTIF(H$32:H$37,"KO") > 0, "KO", "TODO")) -> OK
A32: Événements | B32: EVENT-1 | C32: L’administrateur doit pouvoir ajouter un événement en y spécifiant l’ensemble des informations | D32: Être connecté en tant qu’administrateur | E32: Sur la page planning, cliquer sur un jour puis sur le bouton ajouter un événement, ensuite remplir les champs date (mettre une date futur, ou aujourd’hui), l’heure (future si date = aujourd’hui), et y ajouter un match et une équipe | F32: Un nouvelle événement apparaît dans les événements planifié de la journée | H32: OK | I32: 2
A33: Événements | B33: EVENT-2 | C33: L’administrateur ajoute un événement avec une date passé | D33: Être connecté en tant qu’administrateur | E33: Sur la page planning, cliquer sur un jour puis sur le bouton ajouter un événement, ensuite remplir les champs date (mettre une date antérieur a la date actuel ou aujourd’hui, ou aujourd’hui), l’heure (passé si date = aujourd’hui), et y ajouter un match et une équipe, le test devra être fait avec une date antérieur et une heure antérieur uniquement | F33: Un message d’erreur est affiché en refusant de créer l’événement, le champ date doit être modifié | H33: OK | I33: 3
A34: Événements | B34: EVENT-3 | C34: L’administrateur ajoute un événement avec deux matches sur la même piste ce qui est interdit | D34: Être connecté en tant qu’administrateur | E34: Sur la page planning, cliquer sur un jour et ajouter un événement, ensuite indiquant un ensemble d’information valide excepté qu’un match est assigné sur une piste déjà assigné | F34: Un message d’erreur est affiché indiquant que le numéro de piste est déjà pris et l’utilisateur doit le changer | H34: OK | I34: 3
A35: Événements | B35: EVENT-4 | C35: Restriction dans le cas où l’équipe est en doublon dans un match | D35: Être connecté en tant qu’administrateur | E35: Sur la page planning, cliquer sur un jour et ajouter un événement, ensuite indiquant un ensemble d’information valide excepté qu’un match ou deux fois la même équipe est sélectionné | F35: Un message d’erreur est affiché, empêchant la validation du formulaire, et indiquant qu’une équipe ne peut pas s’affronter elle même. | H35: OK | I35: 3
A36: Événements | B36: EVENT-5 | C36: Restriction dans le cas où l’équipe est inscrite dans deux match en simultané | D36: Être connecté en tant qu’administrateur | E36: Sur la page planning, cliquer sur un jour et ajouter un événement, ensuite indiquant un ensemble d’information valide excepté que l’équipe assigné a un match est déjà assigné a un autre match en simultané | F36: Un message d’erreur est affiché, empêchant la validation du formulaire, et indiquant qu’une équipe ne peut pas effectuer deux matches en simultanés | H36: OK | I36: 3
A37: Événements | B37: EVENT-6 | C37: Insertion typique d’un événement avec plusieurs matches | D37: Être connecté en tant qu’administrateur | E37: Sur la page planning, cliquer sur un jour et ajouter un événement, ensuite indiquant un ensemble d’information valide et 3 matches (le maximum) | F37: L’événement est inséré correctement et apparaît dans le planning, on peut y voir 3 matches dans le détail de l’événement | H37: OK | I37: 2
A38: Match | H38: =IF(COUNTIF(H$39:H$53,"OK") = COUNTA(H$39:H$53), "OK", IF(COUNTIF(H$39:H$53,"KO") > 0, "KO", "TODO")) -> KO
A39: Match | B39: MATCH-1 | C39: Affichage les 30 prochains matchs | D39: Être connecté en tant qu’utilisateur | E39: Aller sur l’onglet Match | F39: L’utilisateur doit être redirigé vers la page des matches et voir les 30 prochains matches | H39: OK | I39: 1
A40: Match | B40: MATCH-2 | C40: Affichage des matchs pour l’administrateur | D40: Être connecté en tant qu’administrateur | E40: En etant connecté en tant qu’administrateur, aller dans l’onglet match | F40: L’administrateur a accès à l’ensemble des matches visible | H40: OK | I40: 3
A41: Match | B41: MATCH-3 | C41: Filtrer les matchs pour une entreprise spécifique | D41: Être connecté en tant qu’administrateur | E41: En etant connecté en tant qu’administrateur, aller dans l’onglet match, et filtrer par une une entreprise spécifique | F41: L’administrateur voit uniquement les matchs pour une entreprise spécifique | H41: OK | I41: 3
A42: Match | B42: MATCH-4 | C42: Filtrer les matchs pour une poule spécifique | D42: Être connecté en tant qu’administrateur | E42: En etant connecté en tant qu’administrateur, aller dans l’onglet match, et filtrer par une une poule spécifique | F42: L’administrateur voit uniquement les matchs pour une poule spécifique | H42: OK | I42: 3
A43: Match | B43: MATCH-5 | C43: Filtrer les matchs pour un status spécifique | D43: Être connecté en tant qu’administrateur | E43: En etant connecté en tant qu’administrateur, aller dans l’onglet match, et filtrer par un status (comme terminé) | F43: L’administrateur voit uniquement les matchs pour le status (par exmple terminé) | H43: OK | I43: 3
A44: Match | B44: MATCH-6 | C44: Ajouter un match | D44: Être connecté en tant qu’administrateur | E44: En etant connecté en tant qu’administrateur, aller dans l’onglet match, et ajouter un match en lui associent deux équipe valide, une date et une piste valide | F44: Un évènement sera ajouté dans le planning | H44: OK | I44: 2
A45: Match | B45: MATCH-7 | C45: Ajouter un match avec une heure invalide | D45: Être connecté en tant qu’administrateur | E45: En etant connecté en tant qu’administrateur, aller dans l’onglet match, et ajouter un match en lui associent deux équipe valide, une date et une piste valide mais l’heure sera incorrecte (par exemple 28h30) | F45: Une erreur sera affiché empéchant la validation du formulaire | H45: OK | I45: 2
A46: Match | B46: MATCH-8 | C46: Ajouter un match, sur une piste déjà utilisé | D46: Être connecté en tant qu’administrateur | E46: En etant connecté en tant qu’administrateur, aller dans l’onglet match, et ajouter un match en lui associent deux équipe valide, une date et une piste déjà utilisé par un autre match sur le même crénaux (on peut aussi tester une piste déjà prise mais que sur un autre crénaux, ou le résultat devrais alors être une création avec succès du match) | F46: Une erreur sera affiché empéchant la validation du formulaire | H46: KO | I46: 3 | J46: On peut mettre 2 matchs avec la même piste
A47: Match | B47: MATCH-9 | C47: Ajouter un 4ième match a un événement | D47: Être connecté en tant qu’administrateur | E47: En etant connecté en tant qu’administrateur, aller dans l’onglet match, et ajouter un match a un événement déjà existant possédant 3 match | F47: Une erreur sera affiché empéchant la validation du formulaire, car un événement est limité a trois match | H47: KO | I47: 2 | J47: On peut avoir plus que 4 match a un même event
A48: Match | B48: MATCH-10 | C48: Ajouter un match entre deux fois la même équipe | D48: Être connecté en tant qu’administrateur | E48: Sur la page des matchs ajouter un match entre deux fois la même équipe | F48: Une erreur sera affiché empéchant la validation du formulaire, car un match ne peut avoir lieu entre deux fois la même équipe. | H48: OK | I48: 3
A49: Match | B49: MATCH-11 | C49: Modifier un match a venir | D49: Être connecté en tant qu’administrateur | E49: Sur la page matchs sélectionner une match et modifier une date par exemple, enregistrer les modification. | F49: L’opération devrais être validé et les infos mise a jour | H49: OK | I49: 2
A50: Match | B50: MATCH-12 | C50: Passage d’un match au statut terminé | D50: Être connecté en tant qu’administrateur | E50: Modifier un match dans l’onglet match et passer son statut sur terminé | F50: Le statut du match est mise a jour | H50: KO | I50: 3 | J50: La modification en status TERMINE d’un match que si la date est dépassé. Or, la page match montre UNIQUEMENT les match dans le futur, rendant ainsi impossible de mettre un match en status TERMINE
A51: Match | B51: MATCH-13 | C51: Modification d’un match marqué comme terminé | D51: Être connecté en tant qu’administrateur | E51: Modifier un match terminé dans l’onglet match | F51: Seule le score est modifiable, toutes autre information ne l’est pas | H51: NON APPLICABLE | I51: 3 | J51: Feature non codé
A52: Match | B52: MATCH-14 | C52: Saisie invalide des scores | D52: Être connecté en tant qu’administrateur | E52: Lors de la saisie des scores pour un match, saisir un score comme 7-1 par exemple | F52: La saisie du score est bloqué, car le score devrais être 7-5 ou 7-6 | H52: NON APPLICABLE | I52: 4 | J52: Feature non codé
A53: Match | B53: MATCH-15 | C53: Supprimer un match | D53: Être connecté en tant qu’administrateur | E53: Cliquer sur l’icône supprimer d’un match et confirmer la suppression | F53: Le match est supprimé, le créneau sur la piste est libéré et si c’etait le seule match d’un événement, l’événement est supprimé | H53: OK | I53: 2
A54: Équipe | H54: =IF(COUNTIF(H$55:H$61,"OK") = COUNTA(H$55:H$61), "OK", IF(COUNTIF(H$55:H$61,"KO") > 0, "KO", "TODO")) -> KO
A55: Équipe | B55: TEAM-1 | C55: Ajouter une équipe | D55: Être connecté en tant qu’administrateur | E55: Dans la page administrateur, cliquer sur le bouton ajouter une équipe et remplir un nom (max 100 caractère) et sélectionner 2 joueurs sans équipe | F55: Une équipe est ajouté a la liste des équipes | H55: OK | I55: 1
A56: Équipe | B56: TEAM-2 | C56: Ajouter une équipe mais | D56: Être connecté en tant qu’administrateur | E56: Dans la page administrateur, cliquer sur le bouton ajouter une équipe et remplir un nom (max 100 caractère) et sélectionner 2 fois le même joueur | F56: Une erreur indique que le joueur ne peut pas être sélectionné deux fois | H56: OK | I56: 2
A57: Équipe | B57: TEAM-3 | C57: Modification d’une équipe n’ayant jamais joué | D57: Être connecté en tant qu’administrateur | E57: Dans la page administrateur, dans la liste des équipe, modifier le noms et les joueurs d’une équipe n’ayant aucun match a son actif | F57: L’opération est correctement réalisé | H57: OK | I57: 3
A58: Équipe | B58: TEAM-4 | C58: Modification d’une équipe ayant déjà joué | D58: Être connecté en tant qu’administrateur | E58: Dans la page administrateur, dans la liste des équipe, modifier le noms et les joueurs d’une équipe ayant un ou plusieurs match a son actif | F58: Une erreur est affiché il est impossible de modifier une équipe ayant déjà joué | H58: OK | I58: 3
A59: Équipe | B59: TEAM-5 | C59: Suppression d’une équipe n’ayant jamais joué | D59: Être connecté en tant qu’administrateur | E59: Dans la page administrateur, dans la liste des équipe, supprimer une équipe n’ayant aucun match a son actif | F59: L’opération est correctement réalisé | H59: OK | I59: 3
A60: Équipe | B60: TEAM-6 | C60: Suppression d’une équipe ayant déjà joué | D60: Être connecté en tant qu’administrateur | E60: Dans la page administrateur, dans la liste des équipe, supprimer une équipe ayant un ou plusieurs match a son actif | F60: Une erreur est affiché il est impossible de supprimer une équipe ayant déjà joué | H60: OK | I60: 3
A61: Équipe | B61: TEAM-7 | C61: Ajout d’une équipe avec deux joueurs d’entreprise différentes | D61: Être connecté en tant qu’administrateur | E61: Dans la page administrateur, ajouter une équipe, lui attribuer un nom (peu importe tant qu’il est valide) et mettre deux joueurs d’équipe différente. | F61: Une erreur est affiché car une équipe est forcément constitué de deux employés de la même entreprise. | H61: KO | I61: 3 | J61: On peut mettre n’importe quel joueur dans l’équipe
A62: Poule | H62: =IF(COUNTIF(H$63:H$69,"OK") = COUNTA(H$63:H$69), "OK", IF(COUNTIF(H$63:H$69,"KO") > 0, "KO", "TODO")) -> KO
A63: Poule | B63: POOL-1 | C63: Création d’une poule | D63: Être connecté en tant qu’administrateur | E63: Sur l’onglet administrateur, cliquer sur le bouton ajouter une poule, puis saisir un identifiant unique et ensuite sélectionner exactement 6 équipes et valider. | F63: La poule est ajouté a la liste des poules | H63: KO | I63: 1 | J63: On ne peut pas sélectionné les équipes
A64: Poule | B64: POOL-2 | C64: Création d’une poule, mais manque une équipe | D64: Être connecté en tant qu’administrateur | E64: Sur l’onglet administrateur, cliquer sur le bouton ajouter une poule, puis saisir un identifiant unique et ensuite sélectionner seulement 5 équipes. | F64: Une erreur est affiché et le formulaire ne peut être validé car il manque 1 équipe | H64: OK | I64: 2
A65: Poule | B65: POOL-3 | C65: Création d’une poule avec un même nom qu’une poule existante | D65: Être connecté en tant qu’administrateur | E65: Sur l’onglet administrateur, cliquer sur le bouton ajouter une poule, mais l’identifiant de la poule est déjà existant. | F65: Une erreur est affiché et le formulaire ne peut être validé car le nom de poule existe déjà | H65: NON APPLICABLE | I65: 2 | J65: Il faut exactement 6 équipes pour crée une poule. Du à l’insélection d’au moins une équipe. Le test n’est pas applicable dans ce cas spécifiques.
A66: Poule | B66: POOL-4 | C66: Modification d’une poule sans match joué | D66: Être connecté en tant qu’administrateur | E66: Sur l’onglet administrateur, cliquer sur le bouton modifier une poule dans la liste des poules | F66: Il est possible d’effectuer toutes sorte de modification car la poule n’a jamais joué | H66: KO | I66: 3 | J66: Impossible de modifier une poule
A67: Poule | B67: POOL-5 | C67: Modification d’une poule avec match joué | D67: Être connecté en tant qu’administrateur | E67: Sur l’onglet administrateur, cliquer sur le bouton modifier une poule dans la liste des poules | F67: Le bouton est normalement grisé et non fonctionnelle | G67: Le bouton n’est pas grisé, mais renvoie un message d’erreur si on tente de le modifier | H67: OK | I67: 3
A68: Poule | B68: POOL-6 | C68: Suppression d’une poule sans match joué | D68: Être connecté en tant qu’administrateur | E68: Sur l’onglet administrateur, cliquer sur le bouton suppression une poule dans la liste des poules | F68: La poule est supprimé de la liste des poules | H68: OK | I68: 3 | J68: ATTENTION : La poule refuse de se supprimer si il y a au moins une équipe dans la poule
A69: Poule | B69: POOL-7 | C69: Suppression d’une poule avec match joué | D69: Être connecté en tant qu’administrateur | E69: Sur l’onglet administrateur, cliquer sur le bouton suppression une poule dans la liste des poules | F69: Le bouton est normalement grisé et non fonctionnelle | H69: OK | I69: 3
A70: Résultat | H70: =IF(COUNTIF(H$71:H$77,"OK") = COUNTA(H$71:H$77), "OK", IF(COUNTIF(H$71:H$77,"KO") > 0, "KO", "TODO")) -> KO
A71: Résultat | B71: RESULT-1 | C71: Affichage des résultats pour un joueur | D71: Être connecté en tant qu’utilisateur | E71: Se rendre dans l’onglet résultat | F71: Le joueur accède a l’onglet résultat et il y voit ses matches récents, son classement personnel et le classement de son entreprise. | H71: OK | I71: 1
A72: Résultat | B72: RESULT-2 | C72: Obtenir le détail d’un match personnel | D72: Être connecté en tant qu’utilisateur | E72: Se rendre dans l’onglet résultat et sélectionner une partie | F72: Le résultat du match (score), les noms et prénoms des adversaires et leurs entreprise, le numéro de la piste et la date sont affiché pour le match séléctionné | H72: KO | I72: 1 | J72: La piste n’est juste pas affiché
A73: Résultat | B73: RESULT-3 | C73: Match gagné dans les résultats | D73: Être connecté en tant qu’utilisateur ayant gagné une partie | E73: Se rendre dans l’onglet résultat | F73: Les matchs gagné possède la mention victoire écrite en vert | H73: OK | I73: 4
A74: Résultat | B74: RESULT-4 | C74: Match perdu dans les résultats | D74: Être connecté en tant qu’utilisateur ayant perdu une partie | E74: Se rendre dans l’onglet résultat | F74: Les matchs gagné possède la mention Défaite écrite en rouge | H74: OK | I74: 4
A75: Résultat | B75: RESULT-5 | C75: Classement des entreprises | D75: Être connecté en tant qu’utilisateur | E75: Se rendre dans l’onglet résultat | F75: Les 3 entreprises disposant du plus de point sont respectivement médaille d’Or, d’Argent et de Bronze | H75: OK | I75: 4
A76: Résultat | B76: RESULT-6 | C76: Détails des résultats d’une entreprise | D76: Être connecté en tant qu’utilisateur | E76: Se rendre dans l’onglet résultat et cliquer sur une entreprise | F76: Nombre de matchs joués affiché, avec en vert le nombre de victoire et en rouge le nombre de défaite | H76: OK | I76: 4
A77: Résultat | B77: RESULT-7 | C77: Points attribué aux défaites et aux victoires | D77: Être connecté en tant qu’utilisateur | E77: Se rendre dans l’onglet résultat et regarder le détail de plusieurs matches | F77: regarder que pour un match 3 points sont attribué a une entreprise en cas de victoire et 0 en cas de défaite. | H77: OK | I77: 3
A78: Profil | H78: =IF(COUNTIF(H$79:H$84,"OK") = COUNTA(H$79:H$84), "OK", IF(COUNTIF(H$79:H$84,"KO") > 0, "KO", "TODO")) -> KO
A79: Profil | B79: PROFIL-1 | C79: Modification du nom et prénom | D79: Être connecté en tant qu’utilisateur | E79: Cliquer en haut droite sur l’e-mail pour accéder au profil ensuite cliquer sur modifier, et modifier les champs du nom et du prénom | F79: Les nouveaux noms et prénoms son mis a jour. | H79: OK | I79: 3
A80: Profil | B80: PROFIL-2 | C80: Modification de la date de naissance | D80: Être connecté en tant qu’utilisateur | E80: Cliquer en haut droite sur l’e-mail pour accéder au profil ensuite cliquer sur modifier, et modifier la date de naissance. | F80: La nouvelle date de naissance est validé si l’age est > à 16 ans | H80: KO | I80: 1 | J80: On peut mettre un age en dessous de 16 ans
A81: Profil | B81: PROFIL-3 | C81: Modification de l’e-mail | D81: Être connecté en tant qu’utilisateur | E81: Cliquer en haut droite sur l’e-mail pour accéder au profil ensuite cliquer sur modifier, et modifier l’e-mail | F81: Si l’e-mail est valide la modification est prise en compte sinon une erreur est affiché | H81: KO | I81: 1 | J81: Impossible de modifier l’email
A82: Profil | B82: PROFIL-4 | C82: Ajouter une photo de profil | D82: Être connecté en tant qu’utilisateur | E82: Cliquer en haut droite sur l’e-mail pour accéder au profil ensuite cliquer sur modifier, et sélectionner une photo | F82: si la photo png ou jpg est entre 2Mo et 400 Mo alors elle est uploadé sur le server, et la photo de profil est modifié | H82: KO | I82: 4
A83: Profil | B83: PROFIL-4 | C83: Ajouter une photo de profil trop grande | D83: Être connecté en tant qu’utilisateur | E83: Cliquer en haut droite sur l’e-mail pour accéder au profil ensuite cliquer sur modifier, et sélectionner une photo de plus de 400Mo | F83: La photo est refusé et une erreur est affiché dans la page profile | H83: NON APPLICABLE | I83: 4
A84: Profil | B84: PROFIL-5 | C84: Ajouter un fichier comme photo de profil qui n’est pas un format valide | D84: Être connecté en tant qu’utilisateur | E84: Cliquer en haut droite sur l’e-mail pour accéder au profil ensuite cliquer sur modifier, et sélectionner un fichier autre qu’une image | F84: Le fichier est refusé et une erreur est affiché dans la page profile | H84: NON APPLICABLE | I84: 4
A85: Gestion des accès | H85: =IF(COUNTIF(H$86:H$90,"OK") = COUNTA(H$86:H$90), "OK", IF(COUNTIF(H$86:H$90,"KO") > 0, "KO", "TODO")) -> OK
A86: Gestion des accès | B86: ACCESS-1 | C86: Visiteur n’accède pas a une page comme /planning | D86: Ne pas être logué | E86: dans l’URL taper le nom de domaine du site suivi de /planning | F86: L’utilisateur est automatiquement redirigé vers la page d’acceuil. | H86: OK | I86: 1
A87: Gestion des accès | B87: ACCESS-2 | C87: Visiteur ou utilisateur standard n’accède pas a une page comme /admin | D87: Être connecté en tant qu’utilisateur puis refaire le test sans être connecté | E87: dans l’URL taper le nom de domaine du site suivi de /admin | F87: L’utilisateur est automatiquement redirigé vers la page d’acceuil. | H87: OK | I87: 1
A88: Gestion des accès | B88: ACCESS-3 | C88: L’utilisateur n’a pas les permissions pour modifier le planning | D88: Être connecté en tant qu’utilisateur | E88: Aller sur l’onglet planning | F88: Il n’a a aucun bouton pour ajouter / modifier / supprimer un événement | H88: OK | I88: 1
A89: Gestion des accès | B89: ACCESS-4 | C89: L’utilisateur n’a pas les permissions pour modifier les matches | D89: Être connecté en tant qu’utilisateur | E89: Aller sur l’onglet matches | F89: Il n’a a aucun bouton pour ajouter / modifier / supprimer un matche | H89: OK | I89: 1
A90: Gestion des accès | B90: ACCESS-5 | C90: L’utilisateur n’a plus accès au page protégé si son token a expiré | D90: Être connecté en tant qu’utilisateur | E90: Attendre l’expiration du token (le plus simple reste de modifier la durée d’expiraition temporairement pendant le développement pour mettre une durée très courte pour ce test puis rétablir par la suite la durée voulue). Une fois la durée passé tenter d’accéder a des pages comme /planning | F90: L’utilisateur est automatiquement redirigé vers le login | H90: OK | I90: 1

Sheet Stat
A4: STATUT | B4: Quantité | I4: Priorité | J4: STATUT | K4: Quantité
A5: OK | B5: =COUNTIFS('Liste Test'!H:H,A5, 'Liste Test'!I:I, ">0") -> 61 | I5: 1 | J5: OK | K5: =COUNTIFS('Liste Test'!H:H,J5,'Liste Test'!I:I,I5) -> 15
A6: KO | B6: =COUNTIFS('Liste Test'!H:H,A6,'Liste Test'!I:I,">0") -> 11 | J6: KO | K6: =COUNTIFS('Liste Test'!H:H,J6,'Liste Test'!I:I,I5) -> 5
A7: TODO | B7: =COUNTIFS('Liste Test'!H:H,A7,'Liste Test'!I:I,">0") -> 0 | J7: TODO | K7: =COUNTIFS('Liste Test'!H:H,J7,'Liste Test'!I:I,I5) -> 0
A8: IN PROGRESS | B8: =COUNTIFS('Liste Test'!H:H,A8,'Liste Test'!I:I,">0") -> 0 | J8: IN PROGRESS | K8: =COUNTIFS('Liste Test'!H:H,J8,'Liste Test'!I:I,I5) -> 0
A9: NON APPLICABLE | B9: =COUNTIFS('Liste Test'!H:H,A9,'Liste Test'!I:I,">0") -> 6 | J9: NON APPLICABLE | K9: =COUNTIFS('Liste Test'!H:H,J9,'Liste Test'!I:I,I5) -> 0
I10: 2 | J10: OK | K10: =COUNTIFS('Liste Test'!H:H,J10,'Liste Test'!I:I,I10) -> 14
J11: KO | K11: =COUNTIFS('Liste Test'!H:H,J11,'Liste Test'!I:I,I10) -> 1
J12: TODO | K12: =COUNTIFS('Liste Test'!H:H,J12,'Liste Test'!I:I,I10) -> 0
J13: IN PROGRESS | K13: =COUNTIFS('Liste Test'!H:H,J13,'Liste Test'!I:I,I10) -> 0
J14: NON APPLICABLE | K14: =COUNTIFS('Liste Test'!H:H,J14,'Liste Test'!I:I,I10) -> 1
I15: 3 | J15: OK | K15: =COUNTIFS('Liste Test'!H:H,J15,'Liste Test'!I:I,I15) -> 21
J16: KO | K16: =COUNTIFS('Liste Test'!H:H,J16,'Liste Test'!I:I,I15) -> 4
J17: TODO | K17: =COUNTIFS('Liste Test'!H:H,J17,'Liste Test'!I:I,I15) -> 0
A18: Catégorie fonctionnel | B18: STATUT | C18: Quantité | E18: Catégorie fonctionnel | F18: STATUT | G18: Quantité | J18: IN PROGRESS | K18: =COUNTIFS('Liste Test'!H:H,J18,'Liste Test'!I:I,I15) -> 0
A19: Connexion | B19: OK | C19: =COUNTIFS('Liste Test'!H:H,B19,'Liste Test'!A:A,A$19,'Liste Test'!I:I, ">0") -> 6 | E19: Équipe | F19: OK | G19: =COUNTIFS('Liste Test'!H:H,F19,'Liste Test'!A:A,E$19,'Liste Test'!I:I, ">0") -> 6 | J19: NON APPLICABLE | K19: =COUNTIFS('Liste Test'!H:H,J19,'Liste Test'!I:I,I15) -> 1
B20: KO | C20: =COUNTIFS('Liste Test'!H:H,B20,'Liste Test'!A:A,A$19,'Liste Test'!I:I,">0") -> 0 | F20: KO | G20: =COUNTIFS('Liste Test'!H:H,F20,'Liste Test'!A:A,E$19,'Liste Test'!I:I,">0") -> 1 | I20: 4 | J20: OK | K20: =COUNTIFS('Liste Test'!H:H,J20,'Liste Test'!I:I,I20) -> 11
B21: TODO | C21: =COUNTIFS('Liste Test'!H:H,B21,'Liste Test'!A:A,A$19,'Liste Test'!I:I,">0") -> 0 | F21: TODO | G21: =COUNTIFS('Liste Test'!H:H,F21,'Liste Test'!A:A,E$19,'Liste Test'!I:I,">0") -> 0 | J21: KO | K21: =COUNTIFS('Liste Test'!H:H,J21,'Liste Test'!I:I,I20) -> 1
B22: IN PROGRESS | C22: =COUNTIFS('Liste Test'!H:H,B22,'Liste Test'!A:A,A$19,'Liste Test'!I:I,">0") -> 0 | F22: IN PROGRESS | G22: =COUNTIFS('Liste Test'!H:H,F22,'Liste Test'!A:A,E$19,'Liste Test'!I:I,">0") -> 0 | J22: TODO | K22: =COUNTIFS('Liste Test'!H:H,J22,'Liste Test'!I:I,I20) -> 0
B23: NON APPLICABLE | C23: =COUNTIFS('Liste Test'!H:H,B23,'Liste Test'!A:A,A$19,'Liste Test'!I:I,">0") -> 0 | F23: NON APPLICABLE | G23: =COUNTIFS('Liste Test'!H:H,F23,'Liste Test'!A:A,E$19,'Liste Test'!I:I,">0") -> 0 | J23: IN PROGRESS | K23: =COUNTIFS('Liste Test'!H:H,J23,'Liste Test'!I:I,I20) -> 0
A24: Gestion utilisateurs | B24: OK | C24: =COUNTIFS('Liste Test'!H:H,B24,'Liste Test'!A:A,A$24,'Liste Test'!I:I, ">0") -> 9 | E24: Poule | F24: OK | G24: =COUNTIFS('Liste Test'!H:H,F24,'Liste Test'!A:A,E$24,'Liste Test'!I:I, ">0") -> 4 | J24: NON APPLICABLE | K24: =COUNTIFS('Liste Test'!H:H,J24,'Liste Test'!I:I,I20) -> 4
B25: KO | C25: =COUNTIFS('Liste Test'!H:H,B25,'Liste Test'!A:A,A$24,'Liste Test'!I:I,">0") -> 1 | F25: KO | G25: =COUNTIFS('Liste Test'!H:H,F25,'Liste Test'!A:A,E$24,'Liste Test'!I:I,">0") -> 2
B26: TODO | C26: =COUNTIFS('Liste Test'!H:H,B26,'Liste Test'!A:A,A$24,'Liste Test'!I:I,">0") -> 0 | F26: TODO | G26: =COUNTIFS('Liste Test'!H:H,F26,'Liste Test'!A:A,E$24,'Liste Test'!I:I,">0") -> 0
B27: IN PROGRESS | C27: =COUNTIFS('Liste Test'!H:H,B27,'Liste Test'!A:A,A$24,'Liste Test'!I:I,">0") -> 0 | F27: IN PROGRESS | G27: =COUNTIFS('Liste Test'!H:H,F27,'Liste Test'!A:A,E$24,'Liste Test'!I:I,">0") -> 0
B28: NON APPLICABLE | C28: =COUNTIFS('Liste Test'!H:H,B28,'Liste Test'!A:A,A$24,'Liste Test'!I:I,">0") -> 1 | F28: NON APPLICABLE | G28: =COUNTIFS('Liste Test'!H:H,F28,'Liste Test'!A:A,E$24,'Liste Test'!I:I,">0") -> 1
A29: Planning | B29: OK | C29: =COUNTIFS('Liste Test'!H:H,B29,'Liste Test'!A:A,A$29,'Liste Test'!I:I, ">0") -> 8 | E29: Résultat | F29: OK | G29: =COUNTIFS('Liste Test'!H:H,F29,'Liste Test'!A:A,E$29,'Liste Test'!I:I, ">0") -> 6
B30: KO | C30: =COUNTIFS('Liste Test'!H:H,B30,'Liste Test'!A:A,A$29,'Liste Test'!I:I,">0") -> 0 | F30: KO | G30: =COUNTIFS('Liste Test'!H:H,F30,'Liste Test'!A:A,E$29,'Liste Test'!I:I,">0") -> 1
B31: TODO | C31: =COUNTIFS('Liste Test'!H:H,B31,'Liste Test'!A:A,A$29,'Liste Test'!I:I,">0") -> 0 | F31: TODO | G31: =COUNTIFS('Liste Test'!H:H,F31,'Liste Test'!A:A,E$29,'Liste Test'!I:I,">0") -> 0
B32: IN PROGRESS | C32: =COUNTIFS('Liste Test'!H:H,B32,'Liste Test'!A:A,A$29,'Liste Test'!I:I,">0") -> 0 | F32: IN PROGRESS | G32: =COUNTIFS('Liste Test'!H:H,F32,'Liste Test'!A:A,E$29,'Liste Test'!I:I,">0") -> 0
B33: NON APPLICABLE | C33: =COUNTIFS('Liste Test'!H:H,B33,'Liste Test'!A:A,A$29,'Liste Test'!I:I,">0") -> 0 | F33: NON APPLICABLE | G33: =COUNTIFS('Liste Test'!H:H,F33,'Liste Test'!A:A,E$29,'Liste Test'!I:I,">0") -> 0
A34: Événements | B34: OK | C34: =COUNTIFS('Liste Test'!H:H,B34,'Liste Test'!A:A,A$34,'Liste Test'!I:I, ">0") -> 6 | E34: Profil | F34: OK | G34: =COUNTIFS('Liste Test'!H:H,F34,'Liste Test'!A:A,E$34,'Liste Test'!I:I, ">0") -> 1
B35: KO | C35: =COUNTIFS('Liste Test'!H:H,B35,'Liste Test'!A:A,A$34,'Liste Test'!I:I,">0") -> 0 | F35: KO | G35: =COUNTIFS('Liste Test'!H:H,F35,'Liste Test'!A:A,E$34,'Liste Test'!I:I,">0") -> 3
B36: TODO | C36: =COUNTIFS('Liste Test'!H:H,B36,'Liste Test'!A:A,A$34,'Liste Test'!I:I,">0") -> 0 | F36: TODO | G36: =COUNTIFS('Liste Test'!H:H,F36,'Liste Test'!A:A,E$34,'Liste Test'!I:I,">0") -> 0
B37: IN PROGRESS | C37: =COUNTIFS('Liste Test'!H:H,B37,'Liste Test'!A:A,A$34,'Liste Test'!I:I,">0") -> 0 | F37: IN PROGRESS | G37: =COUNTIFS('Liste Test'!H:H,F37,'Liste Test'!A:A,E$34,'Liste Test'!I:I,">0") -> 0
B38: NON APPLICABLE | C38: =COUNTIFS('Liste Test'!H:H,B38,'Liste Test'!A:A,A$34,'Liste Test'!I:I,">0") -> 0 | F38: NON APPLICABLE | G38: =COUNTIFS('Liste Test'!H:H,F38,'Liste Test'!A:A,E$34,'Liste Test'!I:I,">0") -> 2
A39: Match | B39: OK | C39: =COUNTIFS('Liste Test'!H:H,B39,'Liste Test'!A:A,A$39,'Liste Test'!I:I, ">0") -> 10 | E39: Gestion des accès | F39: OK | G39: =COUNTIFS('Liste Test'!H:H,F39,'Liste Test'!A:A,E$39,'Liste Test'!I:I, ">0") -> 5
B40: KO | C40: =COUNTIFS('Liste Test'!H:H,B40,'Liste Test'!A:A,A$39,'Liste Test'!I:I,">0") -> 3 | F40: KO | G40: =COUNTIFS('Liste Test'!H:H,F40,'Liste Test'!A:A,E$39,'Liste Test'!I:I,">0") -> 0
B41: TODO | C41: =COUNTIFS('Liste Test'!H:H,B41,'Liste Test'!A:A,A$39,'Liste Test'!I:I,">0") -> 0 | F41: TODO | G41: =COUNTIFS('Liste Test'!H:H,F41,'Liste Test'!A:A,E$39,'Liste Test'!I:I,">0") -> 0
B42: IN PROGRESS | C42: =COUNTIFS('Liste Test'!H:H,B42,'Liste Test'!A:A,A$39,'Liste Test'!I:I,">0") -> 0 | F42: IN PROGRESS | G42: =COUNTIFS('Liste Test'!H:H,F42,'Liste Test'!A:A,E$39,'Liste Test'!I:I,">0") -> 0
B43: NON APPLICABLE | C43: =COUNTIFS('Liste Test'!H:H,B43,'Liste Test'!A:A,A$39,'Liste Test'!I:I,">0") -> 2 | F43: NON APPLICABLE | G43: =COUNTIFS('Liste Test'!H:H,F43,'Liste Test'!A:A,E$39,'Liste Test'!I:I,">0") -> 0
